"winner: 420,000 $AWE"
G1q4dtcH****uU2N7J4u

silver: 24706 $AWE
3tVusTQr****QFvgxVQM
485SrUQR****bEbCSc3f
493qjjgk****R41aUvgH
5Mk7jspy****V3iDYeXL
5QBUrSj8****D5mexFQa
66kMaQAt****Yz6TdauA
6BvFJmTo****SiimcAFt
6cUnjhbA****qpkEdT3Y
6eJtEfNP****a22nMFDN
6HftuSZe****dcVkEZuZ
6JA7jhSz****PbPJjK7U
77Kyt4NP****W8pogHsa
7tN7gUjd****Bir3SGp9
8CcGUNhF****u8KfbUQH
8GJ2ce3j****X6AiM6Qz
8iet5PX6****JuFK243j
8Sc32iCf****UhvHrAJN
AFvcmK7w****9jfQ5mnG
Bo4YmBtA****mdVQoQ6k
BrgktLnN****8ZXwp3Eu
BsLdmeU6****BZY9eQSC
BwJwHkwf****C29b7Q9e
DwnT4f6C****TpuR2oUi
E8pj89aP****byu467g3
E9cnv6A5****Qm6rKZoU
EMpYptnd****zzRZuP65
F1tpL7Jz****5nNht4TJ
FGeiNmCv****L7YLcr51
Fx5uwxgj****d9EvFk9b
GFSrSjAN****e4XrK2dt
GxRMwJx2****fT3y1QDg
H6vxrLKn****w6xE5TA2
HBmGtp7u****ikE9s4W4
HghYvg4G****qS6WvQxm

bronze: 9131 $AWE
249EbTf2****x53HWKwc
2hCVofgL****x81C7VNS
2KQKDA9R****RPSAzB8C
2KrorMYD****fZiefmrV
2nC77YuY****yHcdVeEY
2TPqQajp****YfnQHKSj
2WtFvv33****HSTgcDNc
2XYZQwWD****somE8ipB
2zqn82m7****6ZgwWCD7
2ZrjeT3z****unGUXEFM
2zXZt3kb****WGeJ99Mp
31Zeoe3f****WTgTjwm2
37EsxH5d****KxT6Ch1m
37skqYup****qmuzAo94
3AV9TiNX****gpjNmvXw
3bBSWvnK****ZEB1eRzZ
3ec39xGY****mytvoeB1
3gMSRikL****EnSzmtzb
3hrCNkW5****ND22MKEQ
3MqG15cn****SXVLKEm3
3q1nUC6F****qiDwBKQs
3qawMtYt****4H3BRLK4
3sh7cH1Q****HnwGiauD
3VoZ5UJW****jTgvEgK1
48eVSJQj****N3Q7sQSV
4bUFJ6Qj****MDDgRTQd
4dZgNQJk****7xTDRZGF
4kf51EnK****zF5TCUbZ
4pwaP8DQ****A8HRWVoQ
4TKnQjKs****8D6CgLHR
53EWC7Cv****auWVzehP
58ZUg9UH****LDvd3LnC
5eUordLr****ENY9fyGD
5KUBVRfm****r2bUdR6U
5NVR5pu6****5ZR4UXVv
5PSGgAjs****pC8fwrMu
5re3Cgkh****zvtgygQF
5Y7YXEbN****ucHwYpqS
5YYnf5Wg****fout2B7z
63avPynq****PNAM2Vmm
6gFQ1YWB****sURBqLx5
6iApiuHV****UiQQe2kz
6Qggv2ZQ****BhFnYJ5w
6rvtnAhz****F9HPMrkz
6tJYkxx6****VHq4o9At
6VzL4aAE****DxU2NUss
715ntZbN****13ukw6iz
7eH7DdLL****SLons2Pd
7gDLKQqF****q3FsFpbY
7gRX7RCi****eaXCvnac
7jCUrKdM****UCnUX8KM
7kbaeQVZ****5yUWhEYd
7mcZzVCj****CUiDbvip
7QKfUwRD****xfsgMj22
7UXUXn3D****ZcK8UY6J
7uYc4cin****MprF4H2u
8419MU34****TrQHEL7A
8cbTUFjW****RsqokSNB
8d1oN5uN****CvYM42TR
8hhaY4XG****rvMakCqX
8Hto1Mdb****usdoFu7G
8NzbFgjn****eKeywMg1
8S3QE67g****R7wbntBN
947ajNLA****mewhvteV
96LeEy5T****jJyF1fGs
9ChWeoP9****nxqpwvBk
9KvkqYdk****kMThRS2X
9LTwfBa1****cTKYN15y
9Mdpg5b1****CKUGGxoz
9r6NUshn****Njg8UuDh
9tQ56soU****z6WPTakt
9VAhEXLx****MiXVNQja
9x4rTx6N****6PeyAFEK
A1AUtXrh****TSdky8Nh
A1cwwXDp****k6S89njM
A8NikHTY****KNz763sP
A938zXkR****sfLueCxD
ABEEFp2M****WAh8ywYV
AjNYcd5Q****UmbCsHTZ
AopHpXq2****7jE6j8Zt
AyAYsoiX****8aRMpc5p
BcniQ5En****2CL7JSY5
BJQejBaS****VMniujKN
BP1sGkos****xLhFKMua
BWAAzfig****mzdroseJ
By7WZCfe****BG6m62mz
C2e1CT1E****EuFUge6L
C9bLTs1Z****qTw33CeR
CjyMgUGY****hZ8MfCZm
CmCLRSy6****nfTFymhu
CmS1LMdM****n1FyHJK9
CpFrsaA5****W7sJPNmg
CQFvaTCq****GCGhXcJF
CWz7TwmH****hBg1eS4o
D9ATo5Xu****3MAw62p8
DEzYtwWp****tmcsJYsw
DF4357rZ****2q7WgAoF
DLewd95U****cFVLmj8q
DSEV7iP4****56YPtrwL
DuWXmwXx****SJE3Nchg
Dvoe5Sok****ACJc2Bmr
E5Cda2Lk****MPNxYD9e
E6oRsoCQ****iF1boNzW
E6XuAYrg****xjGZdoav
E8WNGAjg****bxb9Ptr6
EecH2dTa****Z128L231
EjCdHM5s****cjyYKqqU
EncdvzPk****69LJMki4
EUQAcK1u****1YECTuvr
EYUT1HZd****Ho4Sgm9v
EzWPhrFz****xdifU7jx
F1PHck6C****knRcXJ2b
F7WepnUh****5q8b1sTR
fL8DQFcY****cy28mFbf
FQpfpjWA****i5UnjQLZ
FUwmaC92****49psda5Q
G3NKahJ8****HqDespLd
G51DYjUU****EVQhughS
G9CvC1xt****LNJ94BKN
GbaPFYk2****JX6bqWsG
GDr1zGPW****kqHQpMjc
GiM1623t****WawXeu2k
GKExspYK****F4JiiP5n
Gmr1EMAy****fvx4txoD
GrodZano****ek6poYBu
GUcZz2X3****g6yTceLf
H5exn97R****GuxNTDk8
H9avkVBQ****vuUBbUaW
HhweKkWv****wuZnpcui
HKWmKoML****BAVyZEb2
HPZjkwox****L8XXC8y4
HvcNTE3c****egewfrNU
Hx56vV3E****51zLbBeF
J6xT5WVi****VtMTdkEw
J9EVxnhm****N9W356sV
PGWXrh58****Vmuc7WHq
YoEoKhRD****ev88AD2n
yVt3GRMn****wUSAMegW

airdrop: 3256 $AWE
12Nzt5CQ****m6LxUckH
13QpAjNH****BRy1DjKX
1BX1nFGM****JwgrQ71q
21tpv1ue****4skPAD6N
24EQzGuU****bRfe8pEo
24iZLWFF****wuYhkXdd
24Y7Xf4W****AFKaayrB
25tz5L3N****gkSJbjKX
27HvFzUz****WwFsNC32
27vTM5ig****9eQ6A8Ri
28rx4KGt****5fbCmYct
28u5kU3p****PCvn5aTp
2baBZhm1****6734qz8a
2bjdHUnf****hZGWQ4e8
2bwNCoMT****CaM3RsFT
2ccuku2Z****WP9oa53w
2FCwhGp6****6r3ZjNqB
2FmPe4v5****PDKTVr4J
2FQyV8QE****GNeTUHuP
2FWN5kJM****6d5JwVJq
2gFWWK7k****cTbTLXvF
2Gi6AeVV****C4Vt5NoM
2huxo1GT****N7kbPwuC
2HxV4Ngs****K2wjB3gm
2i25cpez****DftK7iLA
2i2vv4S5****Csw3Q9fV
2JUa9uxz****QYPNnxGT
2KAsAAsP****bKBL8QJg
2kX3gREo****uFSsxqW3
2mh1HjHo****eRbgnysZ
2nonWeUX****VnRkvaEV
2pkJ6iBX****y6k4VxYF
2pnNJRzZ****nrKzWFHV
2qWv9LBB****5FThR9jh
2qYDYp2V****9VC2E5Xz
2TEDBSsL****hL68LnL5
2TYsSXiA****DYPy8Yj9
2uxi81ZC****DrKW3mkS
2yQGeAYf****6PeM1yvH
2zanh4CX****4g3VZ1PK
36ayfXy4****iJ5sHmJu
37KPLRy5****ohGZcjfD
38sY92X2****3KQx2X8W
3BRsCUFC****UkveTmLo
3dadijpt****95JFw1MJ
3E9qZwN7****uLjeuigc
3eBp2RMR****iFERvtLx
3f1FdquM****kj1QQqbE
3FfUktEo****XBcNVv6T
3G7Xi7uC****hXtsbEtH
3Gu6xL6d****LXJzTXwU
3hhrq2Aa****tewLTJY5
3HqZJyoh****cQjiG6WW
3Hv7Swgc****UmQMS3iR
3JdFUbxi****KWfzYZCg
3jt37wya****CJHwH7nw
3kkrDfzQ****nKuJuU87
3km8w7NT****zAA8YALr
3KWYA1MS****zJYEtsBQ
3NsKkYa4****QXt9uGpd
3QsbDi5X****c3FMcSPz
3RpuAAtG****DXsSzLjE
3tz5kEKn****78jGDrD6
3VgkVGMk****EUKuR7hs
3vV8JKin****oDA4tV8N
3XeSSZUt****ZRb9jQ8v
3XgWVeY2****XmC3h5nM
3z2nqLYc****GU6zr1cj
42pD6g6W****MvveZhFE
42tEH7AS****Zrt6xgLZ
45Yy7Eqr****c2w43seE
4AyjyJ8R****kMahaZgN
4Azt52y8****qh6SG4bo
4DVhwPic****6vTS9non
4fU47Sfi****o6TJjmvz
4gDrTitF****zSEpdHD5
4JixJxDc****AwiZYxE7
4JQPcCCM****pS6XSygY
4jvy1kmo****ybRWEDr9
4kUCkeoG****y3BTFNkU
4kzZ1j9h****miwbZbac
4mqcAH54****Upo3rQnv
4NihB4VL****TVyE8yzY
4oFbqZrj****GaCt29rR
4pureKXd****XTN98fhd
4q1ziQ3n****dH2TNhFE
4qEym7Jg****hfsFMG6J
4s5trDp8****ng2voUxJ
4SwMkxuu****9LQQFr6V
4u9DoUrF****vcvhQA1R
4UzevCiT****cDVyTdYy
4v1UtVMG****Soorsx6k
4VDwDs8s****ZaKk7Y3R
4VfMJJWr****D2SoQyWJ
4xbcxRAm****uWRo6rgP
4xeart5H****pUXMeirV
4xXfZqDA****KAexK4wm
4zyfv4Ue****Rq7tB6Ve
534YzpHA****ZRLSr956
56tV8ckd****igYWnQg8
56YN3BNk****6Djj3ErH
571gUhPV****LTRsiRJy
57PFxpyv****RjcyG8bu
57uBTZQx****zn9yVGr6
5cHjkSSW****Tcvpsu3f
5DvP8Ha8****SjVH47mk
5E1fp8XF****K5wYSn2F
5edUAQiq****VfZ1r2X1
5FNHdn8z****DLpXPa2g
5G2p3j4T****4PmoxDiW
5iX5XENF****BN3XhCsH
5Kce94GJ****7ido9HFU
5kLq8Fum****pSFKNvqw
5NJyKD5r****RFW69iD5
5oKHBsVJ****7LeAtrve
5r94PzbU****FPZTptz3
5rKHzUF9****nyFkhmKN
5rp91W1H****N9ZxJMAU
5rToHafD****XSNwhket
5sGsP3T9****FWg8hVd9
5sUpmYDz****uR4cS98c
5tKiKvjb****sqmmxPTr
5tv6wSkw****zCt4486F
5tXoeJGS****qrWiS9AW
5uDsmiJJ****73jMJgFn
5UqURfB8****9aHXVELz
5WqqC1ZR****sHXFCTMh
5wUFuSnc****fpHWMFH7
5XqRXCyc****mFjapMBM
5xU4QbpJ****7EWnZRhB
5YEvqFaU****89ev9bbm
647eTmpF****hNa8MD56
67f7eWmj****aLmnxuJX
69ArWzwu****LqekLZsP
69s4FaiJ****qAkG4s1q
6aXVacJ7****ppYk6yMQ
6bAYbtK3****HM4oRvij
6BSto4xX****ozvfZEYT
6CMHZXdb****zwFSe1gY
6ekmsppe****fomu7udX
6ErZ3KE6****5QGuR2vK
6fLne4H9****pNXo84Ba
6H3R7hrS****u6LYHsGg
6HJ9mTLc****sAmeXozX
6jbH9Jxe****ujW3mHQG
6LP92PNM****7pN8SUAP
6LrduLtG****zs3hWyLY
6M7hXTHm****TiD23ai4
6ngLgrz2****W5QzzC61
6oGvmjxx****VYVoymGS
6pBePFvD****ZLf2AESo
6tauXHHz****etTdac6d
6TBYnNnD****WcRMoHRe
6TCEG63D****SM5o1epQ
6tM4bi14****ysY3LBKL
6TST2KcT****d5JCnmD9
6uuVkxFF****5cFdr9aR
6V7mF1VL****CjXCAne3
6wCr3PN7****JjgznoMJ
6WexkJBM****jnvmU7eL
6ZhEtEhD****geScQH16
6zLMHETU****NmEvC7wy
6zptXieR****xCn13Smc
6zw7Ubjq****Ryrq5NsP
71ATZxpe****MqwZedzM
71u2k7LS****W57b4tAr
727sFyP9****ZwwyUDwm
74jfKj3t****1CapAJkQ
78TpK7TV****q7Cditzf
79M6EeMs****YELcaSkQ
7ApZ4AJ1****rMpX9SAh
7AwsZPAh****gyZ4HpXk
7bMZGmNC****hwzh7dT5
7bZTqgyA****m42zLWCT
7DEyZ4Lz****7Xxtiey3
7eZjm7nA****kfRXbmVg
7FAtyVZM****LDr6aENM
7gWuLVkc****qASvKre7
7iUomZMs****c8UReZwa
7J425pa7****5y9yoQLT
7JMXAj1v****QLshHM17
7jTVCH3d****hyTnNBaQ
7no8Pmwk****26joTGLh
7ojHckGV****S3pUMqbm
7Q9BMdMm****bBPBHR2x
7qecEQB8****2kfEe1T7
7qNCWtQA****qKLc49iV
7QX8pYLV****LDpYqLhZ
7R4aprPd****i1P9BgHi
7rJertPj****ndsp8kbQ
7sYv6Jjk****4HQurQZ6
7tdLqgw5****LaDYZLat
7v9Pk5xd****gzdEhr53
7wDaTox9****7SzFd81F
7wdsabgk****YtviyiBz
7znKs5jn****Zwf1WVs2
85R8oBEz****Mo67eD8D
8724PCme****TDmpdQJA
89pTmCm3****8VWbKKtF
8ayRgc86****xsPknYgt
8bCJt5FQ****jgrC7VLW
8bdVDC3n****dchFqtDk
8BYXkYPq****1NtowqHT
8cKHjuJW****fDbh83oV
8Csg3rsQ****gUAxA8vs
8GgGwqLj****DW2bnE3Y
8GoycGiQ****vx9bggvb
8gsSDbEE****bmpW1Jq8
8hco3PZS****NkrzLhBQ
8m7RVRnp****V6RAsSXQ
8neNseBe****gkAY49Ci
8PcQQ212****pmxPwHZQ
8quogfmo****tqeeLwGW
8qyZKQeg****8wSyQCti
8sfiuUgg****Y5hw3BJh
8StXS18u****ncwda4sW
8sZF7w2p****hamUhgTp
8UHBQjRJ****MVVHhfzS
8uKE6ARc****GnAU2NWR
8VceUNko****e3KAq3vu
8VMh1RZE****zTQTSdK1
8W6RZMqQ****H5CJXbCj
8wFsCnLC****yE5B3dNK
8wQen61U****dwsK25gp
8yHNdQsg****KxSq9FBd
8zVfwhxm****2TnFvCgh
8ZxwLC5P****dZqtLBFL
93Wq9ozu****t4DTLnaZ
97RCJYoG****TLYTF6JA
98qRHFkr****tQtLNnpj
9aRRBT7c****y4qhegFj
9b2Hj9oA****YTttQCHh
9k7EepRN****B8V7Bgqt
9KpebipJ****f362X4CV
9kQxZ7KU****wiDhoV4z
9Mt6yysT****gRwGyQYu
9nbmS7Ri****AxLP46Lo
9PyBBkBk****KDjkyFZG
9qhxGPFw****dL6P7mqi
9QxmFdrU****iSfQtMDo
9r8h3LSL****n9qXuHaT
9s2UDGhq****mgsGEPvT
9SxhHEk8****sPWwSYVN
9TTU3EDD****QBB9LS8U
9Vpqnb76****EuxFV6uE
9w6LaUhM****onXFYnrg
9wkpUysF****D3jAbi3c
9xM3fKkT****ohhWoS1U
9XoE6fAn****zwzsoyen
9Xp1DyR7****gzneCguA
9YJj9sT3****yZ2XofSj
9yQaqs88****tWe1WN7g
A2gSRHNM****HEWrAzSS
A3zsNsd9****Te5LVhQa
A4bWfrBP****CjctXaCm
A51BscDw****NwFx2FW7
AAwzxLvd****fdmVyNSk
AazxeUNZ****8wHgRgwu
AcdvJwLi****aPdAPXPf
AceB9qQB****UfnpgU88
AcrZ6rJu****tBtdJkLq
AdEJ2FG2****ZPjUPpZQ
ADTGS59b****sVfcm9s5
Afc6f2a2****49vY5tYc
Agguyv98****UThCip9x
AgoaHu3G****CyW6Tsq9
Ahgwcn48****ntt226Da
AJUrRbt2****E8it6bRM
Akt15hGX****YobUU2fU
AKxazD8A****uD996jGg
ALg4nrYq****1qMs5qRy
Anp2k2EU****XmFiVQxp
APez9MLD****HYSEgNzh
APfn7M3f****FDa6PWpi
aS2Sn9Gp****PYpWzAFn
ATgD1Qiv****14MSoZMn
AtVsVVeD****Uhx4JgK1
AUFA36HF****bdMBk3xd
AVeWZGQK****NFzx1qdR
AYPt9sVc****A7Wx3YVe
Ayzm3k34****rSZ4VCFX
B1WkfrPY****Zs598NZF
B2BGs1su****bMKo45Qw
B2EeZCvJ****jTFvBodA
B4NQLvfV****XXM7xhdZ
B66w6JE3****uQhJM6kv
B8E5pkht****i4nX8woT
B9moqqdx****Fr2JEtd2
BCKejX1S****NNQCeGkc
BEcp7NJN****7F1FfYFD
BFi5zpWs****zsivnMik
BfUUAFxH****6S3UZ3tP
BGMaz26D****TNAuRJxz
BGtfocto****3DrN4izf
BhBXz5jW****WbatRPTS
BHczJVF6****8V1NGm4G
BipRQKXD****dGGryRbr
BiuwLDQa****9gsv91TQ
BJLbCtmf****UNkEapaL
BmhYeQA5****bqwzoaen
BmMqS5PQ****oRVvCcsD
BQgVbdk8****JujbiKwe
BQoipjcg****LQwx73hP
BRL1r3LT****n4tyhwaT
BRXgfyXq****uQ7irfJ2
BSDuPTaQ****LSb6oUB9
BT3aYCtz****FyqZu4sp
BvmQmEbC****zW8KhDGj
BX18rEqG****wx4d3wT8
BXAawvsp****QU9pwj22
BY3d1raX****VpU2icUv
Byz79qd5****uDCDjLXF
BZW4rUAr****zjV8JMPU
BZYBnkka****nLfNGPhD
C3hdrU6D****AZQMHEAj
c6AhaJee****L54vouYP
C8ZN3jZj****atV7eaCk
C9F8hXZH****7N5rxYqp
CafZTBKN****CTBS62au
CAkKsnDJ****qFGB7agP
CaYXPM7k****FjkveBKS
CcE6MwCM****NhEVm29i
CcFtwa5h****cVVNskQj
Ccrut26D****1dMgMN26
CDEL5h1e****kwykj9KX
CDxXtN2b****Y6FRpXH5
CeYd69VV****tQBy78c5
CGrB111b****mQ7iLjsq
CH9ZmMFz****od6DKaN4
CirCNepa****ZZrK16wz
CPe8HCha****ASV3uxut
CqdjcD4Q****gRa2Za7C
CsuqUMY8****h6VAemDr
CSwviABK****PT8zJnoS
CT7cq8hw****8gycqdA3
CUXbQ2Nt****7DsaZNEz
CWSucgRK****rpCanMZL
Cx7UxvPN****YPqj8k8E
CXcwXUXD****W2s4CePH
CZ73Yfj3****avDWoLT4
CZsxcoDY****kTpzJNhe
D2B84Pxp****z6dPwxHi
D3gygoTv****kb2LGCj3
D7DWBELh****WEqHYGZf
Daig6Eig****f2tDk2ti
DaKUkMe4****tt4i6tDS
DbL2u88i****3Lk9yKLy
DBP6ewAG****w6g47hTe
DERkDy2P****bduomN7n
DEy5NxWh****QP7w7Ttp
DFv8ZFnM****1CPCkZYu
DgVCxYZF****LrTSP3DJ
DHbsGoza****ZWchtPMr
DiNKdW1N****nY6u3bhX
DJ9LNeMZ****yHVfqQnp
DjhKgt75****7NMx7QNy
DK6xUDDt****zpC1Sar3
DKDPa2fk****wjEGJFtT
DmD41XeH****mg3BNAnc
Dmvex6CR****Tkn6ZBDG
Dn9GDPr5****56NHSxtj
DoffMaUf****Ea9yaKAW
DorPEJRU****BhMRoJTb
DRKLieFP****TjeigC8p
DrPBPVLX****YqA5fHGU
DTBBZ5tP****89AzNjaS
DvNnxror****7QVxhhPY
DXmvCj4a****xZw5Epb1
DXoSLdHk****jAsCF91y
Dy3mKVZ1****pDevjoq9
Dz3iXHSN****14TZPpC1
DZJ3LoQQ****kN2mrc1Y
E2VV1qXf****euttyDR3
E3nL8iQz****KQXuTCL9
E4efNZfX****CbNLv1mw
E5BALttk****1UnfGyRu
E75Y91gD****AyA1FUv8
E8Uhq1EY****sBNAdagG
E9F6AtFr****92am11ry
E9RMtWH1****QorMYkRB
EAf9x1XZ****KDV3oQpA
EAiiHoUa****8Pgdr5PJ
EAQyXEoi****QpQxMtKR
EaR7gEsX****nE49FpVj
Ec7My267****7z4SzxxV
ECgfQhWi****zCDcdQo9
EcJ8AHug****Rb76j72A
EeE7HCaz****dFjB2d1V
EFEypdBK****mcs4zaUi
EgdA5xcj****av74CAL8
EhTiVFfs****MddQgF1d
EHuUc4Um****eh1xUiit
EHWLPYcr****FRb2YAMU
EipGEFUX****yMtDTZG3
Ej3BwP3m****x5FPRgAv
EJKaRKsQ****D8b8U4m8
EJUWLas5****4yE9Pe7u
EN9DFv4K****LhFEfcSb
ENumZJGZ****3EAnVvL2
EoBnD4q4****9qw3YDtG
EPoyzRkG****74f5yJ62
ERqb3Nmt****gRfrHciu
ESbDjvN8****o3YziNpn
Ev4JCsMQ****A2tRjeKo
EXEZdSc1****VfbpoiCQ
EzoM88wW****ibkEbBtT
F1npN2ZC****uL5Eks7P
F2ZAKauY****2RH9Swb5
F5x65Jz7****jnToeGGm
F6FtYqBb****7mD53uYf
F9WxozUh****z7418Zwp
FBkdskY2****GBKU6inz
FBsqTniA****QZcQvVYn
FbYxbHTd****1XfzS6xw
Fd6MPfjb****i4jvhj4N
Fdem7BMt****U3NEWXQh
FDL9SNta****2PciFffN
FFUb9oZa****hBdRMJDu
Ffw228F7****nTZfi92Q
FGcWckNZ****MhPWJUBZ
FjrenqaV****28u5gUae
FkijsD3Z****fNd9dg7c
FKRSNnhb****jqoSFAeF
Fm7ay9JC****nHwdd25V
FNBeyXi4****BVYXpjJF
FnhS6wk9****S63R9GoA
FPF2QAaN****xJ3dEi49
FqHojjgr****eqDcEkLD
FqMvV8AT****PNemBA1Z
FRuc8CuE****EzgXJbkv
FtPLQQcZ****DH2Tah4W
FtXRkhVz****JBXDY3qx
FVi1D1MC****FUhUgWP7
FVxQf3ky****NwZYHyLB
Fw5zTEto****bnHRrziw
FXa8PDxM****ZXAR3Bjp
FXcewrrq****5gHweXYR
Fy6wYZ96****9VqycPK5
FZ852uDS****RmYkN8Fw
FZBr1ErL****aNmb4TMA
FZjMzXZP****52rTV83x
G66iLATA****Eujk2u5U
G9kGkSrY****uYrWjFbP
G9uJ9hUb****LDiyoh2q
GC4Vr8DH****LVCn992d
GgAxCo4e****kCNJXbQk
GgB1y8BL****L1TweBJk
GgZR9w51****5DxM6nza
GhWWjBvb****76YUhop7
GLdxchq1****4Wc2dBsj
GmB6jGQq****BzuFTyWV
GMumYBBn****s8ekE5VS
GMVbFiNB****S8f7QhR2
GmvZtx5j****yZ2jkT4x
GNKwmzxF****1uZz7gTR
GNxGppx6****cWJkCQpU
GQ8ss4wo****ubHyV5ct
GrdswsaS****TaRxkTFc
GRR5Rxos****DAJmNFdM
GSavGR3k****AaAq8KCv
GsjgV9WK****ZzRwjJ24
GuE1Nuvw****bX5xxzuD
GWEjkoC7****iRrmuqJ6
GXmuuDcv****QeDBHMhP
H2PTUdH3****EXV5K1Qy
H3eZZfgh****UF1NE8PK
H8PShDjC****4M54hSHa
H98wDwBj****YAA32pA8
HaBeDrBF****cb4hyPUR
HDsEYDKg****eeL7QBqj
Hevwh8hX****oScjUEZd
HFCenobQ****ysAwD7d5
HH3PKdpJ****EFBjNCv4
HjKhxfYB****fEJujsPM
HLAsUYk8****a33CjVL3
Hmaaw9EX****m7c74Vp9
HMuZ5i8v****Nsmu6MVF
HNV3S626****iKZbvEJD
HpRSBG89****bYN7XVMt
HpXaFZWp****focqbBxD
Hr4kHrN8****KN9SNHjk
HRnfSrsQ****6eRsvQTj
HSypXDto****e5kYJtsq
HtbhxatR****R4Sxf3nx
HU8zvmTf****EmKhmy97
HVjKxkzT****8CCuiS5T
HVQhJLeA****cvLwB8xL
HVRnaEXG****voAPpLAM
HWULLLDw****ysx347ZR
HX5UmoBU****K7pWhftS
HxoywV5c****cpmWQG9G
HYAeLioY****eN6G8MXh
HYHobQer****NCjeQhPE
iFGSiGzK****fbzgwD4K
ijYJDxKR****SkF4FwRJ
J2bTWqYh****eGw42XkQ
J2KtTJdN****6ALSjQAb
J43NGR1V****vjPie7TT
JC9drBfN****4PYTXtQ3
kaSWJ6u7****bmrDZG39
mVAqR4cT****MG91gbVN
NaHoRSQ3****595DBvpi
rvZG8Uem****7oRiF4rB
RX8khftH****kTzAGVVm
SnEWFB7T****Pqt7FxiU
tXwLyDXm****jUvS1kS3
UeQ1gn45****WpUu2fPn
wgunhrp9****T9sr9kPw
XhUwbfAu****ZYtcqCLY
xj5KaUEP****HPXDXveY
Xt4jxdas****XWgYZzCm
y2FyCoT3****FLdfKVVy
YARW5RUm****P8JPx2JC
Z75yxGpT****jnshQRNz
zWX6EmRt****pWv7Fd7d
ZzjMWhmS****5mZpzQRK